Type,Name,Request Count,Failure Count,Median Response Time,Average Response Time,Min Response Time,Max Response Time,Average Content Size,Requests/s,Failures/s,50%,66%,75%,80%,90%,95%,98%,99%,99.9%,99.99%,100%
GET,/files/add/100000KB?id=0,21,0,5600.0,5892.985386476323,629.5709559999523,10850.066689001324,21.0,1.4926375819729074,0.0,5600,7700,9000,9100,10000,11000,11000,11000,11000,11000,11000
GET,/files/add/100000KB?id=1,8,0,1200.0,1233.9940550000392,527.8258760008612,1900.1268179999897,21.0,0.5686238407515838,0.0,1200,1700,1700,1700,1900,1900,1900,1900,1900,1900,1900
GET,/files/add/100000KB?id=2,7,0,2400.0,2743.9522521427925,1794.862609998745,4134.561146000124,21.0,0.49754586065763584,0.0,2400,3500,3600,3600,4100,4100,4100,4100,4100,4100,4100
GET,/files/add/100000KB?id=3,6,0,2500.0,2943.185709833415,2481.3916750008502,3499.927603999822,21.0,0.42646788056368784,0.0,3300,3300,3400,3400,3500,3500,3500,3500,3500,3500,3500
GET,/files/add/100000KB?id=4,5,0,2400.0,2581.666692600629,1949.54757800042,3078.380098000707,21.0,0.3553899004697399,0.0,2400,3000,3000,3100,3100,3100,3100,3100,3100,3100,3100
GET,/files/add/100000KB?id=5,3,0,490.0,968.6432870003046,10.797670000101789,2408.584545000849,21.0,0.21323394028184392,0.0,490,490,2400,2400,2400,2400,2400,2400,2400,2400,2400
GET,/files/add/100000KB?id=6,2,0,25.053319999642554,25.343079500089516,25.053319999642554,25.632839000536478,21.0,0.14215596018789595,0.0,26,26,26,26,26,26,26,26,26,26,26
GET,/files/add/100000KB?id=7,1,0,2401.293719000023,2401.293719000023,2401.293719000023,2401.293719000023,21.0,0.07107798009394797,0.0,2400,2400,2400,2400,2400,2400,2400,2400,2400,2400,2400
,Aggregated,53,0,2500.0,3561.4654487171188,10.797670000101789,10850.066689001324,21.0,3.7671329449792426,0.0,2500,3500,4100,5600,9000,10000,11000,11000,11000,11000,11000
